"Respondent","ASC1","BTime","BCost"
8738,1.305182416,-0.03690572174,-0.683110749
8740,1.290388236,-0.03863703435,-0.5682148306
8741,0.4264955804,-0.5189426565,-0.5057771602
8742,1.336618443,-0.2999518548,-0.6745612718
8744,0.1083676037,0.034986595,-0.4742830276
8745,1.006322101,-0.3038457799,-0.5954532778
8746,0.812411011,0.1718841874,-0.5900459742
8750,0.818155771,-0.3343461202,-0.6498562579
8751,1.194247068,-0.2776305458,-0.8443886209
8752,1.078287422,-0.4811433323,-0.573715529
8755,0.922430294,-0.0501948533,-0.7567603695
8759,0.7892630994,-0.08184590825,-0.7159562786
8762,1.056391572,0.1677792955,-0.6218104525
8763,1.210147075,-0.3320967392,-0.5392921058
8766,0.9658731746,-0.2737318426,-0.5397466898
8771,1.129891221,-0.289019455,-0.708043631
8774,0.8698444386,0.1891619326,-0.5779085585
8775,1.101709523,0.1965603588,-0.574914788
8778,1.39818377,-0.3655228979,-0.5159624451
8779,1.282450224,-0.1766646913,-0.3673340644
8780,0.4900238003,0.005339103067,-0.4677259086
8787,1.125003896,0.1558444648,-0.6188316722
8800,1.208259694,-0.2545342687,-0.7543280803
8804,1.272949554,-0.3505372513,-0.6686836429
8806,1.011467684,0.03607291835,-0.3719415013
8808,0.8635246421,0.1968117613,-0.5564652652
8814,0.6294254123,-0.4291932059,-0.5464639457
8815,1.293560303,-0.2773125609,-0.7918508971
8816,1.060354688,-0.4775994871,-0.5340182288
8826,0.7683299088,0.1757733019,-0.5971045473
8829,1.05589283,-0.2552861036,-0.7416758243
8830,0.9919869931,-0.4119530372,-0.5757577354
8831,0.9763140197,0.1926255328,-0.6082962419
8836,0.8616287012,-0.1512993487,-0.4354884653
8838,0.7678142739,0.1834970252,-0.5940340158
8841,1.0534039,-0.5333365043,-0.5903903017
8844,1.187777509,-0.2709685046,-0.6679001924
8852,0.70357258,-0.5610475542,-0.4967018647
8854,0.6119539511,-0.5344258489,-0.5420126849
8855,0.5134511491,-0.2959674582,-0.4090454528
8856,1.068698819,0.01558263855,-0.7023644322
8858,0.9650743799,0.1569729026,-0.6554395402
8864,0.6285131232,-0.0267931995,-0.6364992195
8866,1.044311486,-0.4823607185,-0.5328617459
8867,1.24401532,-0.126941448,-0.7907006124
8868,0.8979525021,-0.3807642956,-0.4783805834
8873,1.043441351,-0.4578664322,-0.5780800707
8877,1.562918873,-0.4666875309,-0.7207389892
8879,0.8780736343,-0.196862888,-0.8462647807
8890,1.238820557,-0.03917910135,-0.6326732582
8893,0.404975655,0.05731611218,-0.4487318771
8895,1.26982157,-0.1419326455,-0.7844687993
8896,1.258829697,-0.3130949892,-0.8459972931
8897,1.160388539,0.1743630269,-0.6058456211
8899,0.8393550016,0.181785099,-0.579702714
8902,1.207672423,-0.2936023194,-0.6610726263
8906,0.9783832297,-0.437505935,-0.5467929297
8907,1.298618188,-0.3901487523,-0.5485193441
8913,0.4594957468,-0.2491141013,-0.3867529166
8914,0.8734588529,0.00222723061,-0.6974936445
8917,0.731475891,0.107575493,-0.3985627433
8921,0.640708144,-0.02465285415,-0.6035104799
8922,1.064893792,-0.4781471608,-0.4884625628
8928,1.10451214,-0.1344852805,-0.5237189541
8929,0.6407570726,-0.2470871521,-0.4842753226
8931,1.263519239,-0.3743739571,-0.8224217476
8934,0.8646630671,-0.2718196071,-0.645415089
8936,1.092837997,0.1621393814,-0.6236835613
8937,1.07515991,-0.4896137639,-0.6076520866
8938,1.454619695,-0.3453585416,-0.7538358875
8943,0.7963306402,-0.4687161426,-0.5372303942
8945,0.5202629952,-0.5103647209,-0.5568117557
8954,1.144091538,0.02634271305,-0.5921675032
8956,0.7234784171,-0.5480894074,-0.6068034804
8957,1.194829319,-0.4344173455,-0.7254860419
8959,0.9002616053,0.1905452634,-0.5925957737
8966,1.110694276,-0.45536886,-0.5444986505
8968,1.66436183,-0.411938458,-0.7692142914
8972,0.4596173297,-0.05291177672,-0.5028361482
8973,1.051226853,-0.4768848598,-0.5212521832
8977,1.027488659,-0.4881026267,-0.7186962575
8979,0.5310095021,-0.5342825557,-0.4897309384
8981,1.186859439,-0.3588012004,-0.5507815793
8991,0.5413642159,-0.1677240443,-0.5450001754
8993,1.091959363,0.1742377389,-0.6055293697
8996,1.164445296,-0.2368152323,-0.6821735584
8997,1.216401749,0.1587912437,-0.6191851036
9001,1.412837785,-0.07177419093,-0.6743568237
9003,1.5178748,-0.2966134779,-0.8218131021
9009,0.6563588,0.04070449559,-0.6879035664
9012,0.8353926838,-0.3738630774,-0.493462764
9015,1.128053783,-0.3951205559,-0.7553336866
9017,1.072328421,-0.2193518918,-0.8217146237
9018,1.240567865,-0.3120096915,-0.5753564251
9019,1.105560562,-0.1826670175,-0.6931036235
9020,1.013685094,-0.1995920999,-0.7142622855
9021,1.212435382,-0.4383966119,-0.6130367322
9023,0.5517950978,-0.2502532271,-0.556470818
9024,1.218304154,-0.0002014653944,-0.5182265148
9026,0.927232307,-0.2202524059,-0.6776720621
9027,1.022258992,-0.3813902405,-0.5699843322
9028,0.7349019651,0.1757851259,-0.5927463668
9033,1.309920413,-0.3552956224,-0.9012597157
9034,0.7197073,-0.1997451563,-0.7387302959
9037,0.2379767531,-0.1965993058,-0.3840348305
9040,1.12973938,-0.1447663726,-0.5006682248
9041,0.8241702508,-0.006904589207,-0.6644410054
9054,1.179069925,-0.2097719121,-0.5579019735
9055,1.092626982,-0.206887911,-0.840119865
9056,1.459503658,-0.2128721202,-0.765426603
9057,0.7498307469,0.1957821978,-0.5606608035
9061,0.8376114412,0.2056066454,-0.5780450474
9066,0.7839515216,-0.2646972711,-0.6144202037
9069,0.6601257497,-0.1969853437,-0.5892866071
9072,1.281911575,0.1282157739,-0.6447119985
9083,1.339336049,-0.4205024948,-0.8802361113
9085,0.6907569452,-0.1745291548,-0.5855838964
9088,1.05531123,-0.05367499822,-0.7593383529
9090,0.7785048857,0.1928486622,-0.5404051402
9095,0.9885700068,-0.05395341555,-0.5935668948
9099,0.7955955473,0.1786865837,-0.5299791007
9105,1.151600883,0.1732309025,-0.5962635386
9106,0.752346009,0.0254279133,-0.4193871497
9107,0.8016007832,0.1258427191,-0.4816922957
9109,1.085546632,-0.3065225586,-0.6434653115
9110,0.8065212038,-0.2862354647,-0.6681273271
9111,0.7891739586,0.1570823698,-0.5793556983
9113,1.147141668,-0.4724971122,-0.5535897277
9114,1.417101738,-0.2508833068,-0.689893479
9118,1.021378178,0.02575500905,-0.6941546427
9119,0.8470301735,-0.02872396652,-0.3162010972
9120,0.999792032,0.1235709366,-0.6644594056
9121,1.134885573,-0.2404171586,-0.5050829618
9123,0.8751911188,-0.1530817892,-0.4189522608
9127,1.097928059,-0.4375395069,-0.5843362351
9129,0.9796383864,-0.1008301666,-0.5871645958
9133,0.8950418516,0.1612197766,-0.591995249
9135,0.7814337822,0.2005465816,-0.5542537079
9143,0.8589469857,-0.2707827988,-0.3689188958
9146,0.8943996542,-0.5344979252,-0.62647404
9147,1.161152879,-0.1187040069,-0.6308829677
9148,0.566533069,-0.1178744687,-0.6847556632
9149,1.155399683,-0.09879118878,-0.6042303389
9150,0.7918157028,0.0406250135,-0.6655963485
9152,0.9989660746,0.1734686247,-0.5557853304
9155,1.088206833,-0.1722468373,-0.671879352
9156,1.109720352,-0.05355202449,-0.8015848644
9158,0.8813085399,0.01501220517,-0.6350934712
9162,0.7581400258,-0.1319219959,-0.8210957375
9164,0.6990468761,-0.0438457637,-0.5870689914
9165,1.105009777,-0.4544940214,-0.5452757381
9167,0.7574153768,0.1813609228,-0.5448769583
9168,0.3464294414,-0.1708424461,-0.4987701152
9175,0.896750422,-0.09207651934,-0.6113213388
9176,1.222374945,-0.1225572298,-0.5235740386
9178,0.6300410534,-0.5426388192,-0.4575496747
9179,1.022127294,-0.2824337386,-0.5915807539
9182,0.3320495386,-0.0306153399,-0.5760266014
9185,1.075778256,-0.2725931144,-0.5408751112
9186,0.8510733337,-0.4974207285,-0.4984614273
9189,0.7849816237,-0.3180952942,-0.6737522214
9190,1.179980875,-0.2798849265,-0.8747019608
9191,0.7855823127,0.2028423956,-0.5285418379
9194,0.8968233863,0.1660027359,-0.5717761664
9195,0.9189172893,-0.1385091692,-0.8937645716
9196,0.9469425081,-0.2145014333,-0.5482200339
9197,1.05079946,0.1755793913,-0.5885519466
9207,1.230578999,-0.4859910823,-0.634534463
9213,1.234920979,-0.03219815013,-0.728092691
9216,0.6570285446,0.1465405644,-0.5125787511
9217,0.5541734118,-0.5253029616,-0.4774497628
9218,0.8613381954,-0.1260976626,-0.4061421056
9219,1.224173455,0.1405777694,-0.6219492982
9221,0.7860484296,-0.2571784559,-0.2472754016
9222,0.6726977302,-0.02744045093,-0.3352621681
9234,0.4491966088,-0.3160395105,-0.542508115
9239,1.294753973,-0.06258303855,-0.6412462916
9242,0.9830942517,-0.2098894104,-0.7119454977
9246,0.9712302159,-0.1962161074,-0.693609896
9251,0.979876595,-0.4933395813,-0.6083931151
9252,1.054230287,-0.4237931789,-0.6441381933
9254,1.006956849,0.004722848688,-0.5676492363
9258,0.8747340719,-0.1283975185,-0.7781429993
9259,1.112817768,-0.4262314903,-0.7207541933
9266,1.487674402,-0.07403778928,-0.762352057
9267,0.8711824506,0.182140121,-0.5762704429
9271,1.225028541,-0.4053960155,-0.7815916831
9273,0.8095239535,-0.4065196236,-0.578116583
9274,0.9230274145,0.1803178367,-0.5966697532
9276,1.232392267,0.1527570782,-0.6270050139
9279,1.009086154,0.1371585389,-0.6663181866
9280,1.058334457,-0.06130734723,-0.5631406569
9281,0.9838592857,-0.07155001256,-0.515428308
9285,0.5042928913,-0.1485603978,-0.5675559145
9288,1.091156067,-0.07402731488,-0.7312993049
9294,0.5979895881,-0.1923356669,-0.5628441654
9299,0.704950487,0.1817835545,-0.5821089325
9300,1.040606774,-0.275563664,-0.4555581123
9303,0.7136887315,-0.08516977434,-0.5981911617
9305,1.064087662,-0.5010415303,-0.678097593
9311,1.213450734,-0.2507424958,-0.5703345658
9318,1.139489666,-0.1647303971,-0.9749526806
9326,0.733450261,0.008025179788,-0.6735909119
9334,0.3923041035,0.0264603007,-0.379368506
9338,0.6956574823,0.007157885454,-0.6910090851
9339,0.9443579226,0.05647301517,-0.5719649613
9342,1.299285366,-0.2870613411,-0.6950933077
9346,1.037002239,0.05340071023,-0.6208558126
9347,1.021444286,-0.4819150376,-0.5489074371
9351,1.187660019,-0.3711617629,-0.6408278531
9352,1.208797084,-0.3119692796,-0.891935079
9354,1.186935798,-0.3775673509,-0.6767031058
9355,1.326724602,-0.1423289961,-0.8525649181
9358,1.045233463,0.03847574526,-0.6761926721
9361,0.882622467,-0.5034168167,-0.5153959836
9366,0.940107581,-0.08770307272,-0.616346087
9367,1.197513678,-0.2222343831,-0.7602131853
9368,1.031291884,-0.4805996773,-0.5423970322
9369,0.8310802949,0.03478553508,-0.6861823504
9371,1.06822656,0.04953935201,-0.5295594043
9373,0.8738482591,0.1917110559,-0.5485013873
9380,0.862457215,0.1875136099,-0.5602994272
9382,1.342273406,-0.2469150566,-0.7185792305
9384,1.121017182,0.07664345695,-0.6909188826
9389,0.5944501893,-0.0257163886,-0.7600492568
9391,1.150839654,0.1323514845,-0.6643775978
9398,0.8043563359,-0.1572844224,-0.5936305207
9399,0.6327184747,-0.1083967694,-0.3953144113
9402,1.224620254,-0.3299613475,-0.5528199626
9404,0.7498190164,-0.09294567984,-0.6654455577
9406,1.146890982,0.02621642764,-0.6544607315
9413,1.011212125,0.1007710257,-0.689062133
9416,0.7411767636,-0.09265581707,-0.5265151774
9417,0.5077432617,-0.2973428412,-0.611688075
9418,0.7305339143,-0.01058592999,-0.6655219131
9422,1.338944112,-0.2464749766,-0.6724268517
9426,1.079510716,0.1624089824,-0.6030341622
9427,1.110984383,-0.487782761,-0.6117138138
9428,1.196391166,0.1069488399,-0.6942736701
9429,0.8576560653,-0.3850027035,-0.6636931493
9433,0.7414265098,0.1860252063,-0.5493086953
9434,1.035494016,0.1646342007,-0.6205514097
9439,1.095875532,0.1556472763,-0.5999735477
9440,0.7040806048,-0.2898651026,-0.4992837094
9445,1.336394111,-0.2733410086,-0.9679504221
9447,0.7373503601,0.06580164443,-0.6223653936
9448,1.050364091,0.1823920434,-0.6005944769
9450,0.8144181628,-0.0659955341,-0.4641348454
9451,1.055257241,-0.4758056091,-0.5833178492
9452,1.1372475,-0.08565954814,-0.6455388934
9455,0.8533671656,-0.03270675284,-0.6717307752
9456,1.039571823,-0.04302831341,-0.6219473329
9457,1.488117474,-0.124636764,-0.7629037194
9458,1.116953959,-0.463487107,-0.514325948
9460,0.460193667,-0.2568714243,-0.3808862
9461,1.110699569,-0.1536781149,-0.6060648918
9462,1.331902656,-0.06336422056,-0.7400978695
9464,0.5611436395,-0.3124024409,-0.4309943826
9466,0.7431371255,-0.0678719214,-0.7885329784
9469,1.030288504,-0.1423826943,-0.5726414679
9472,1.072984317,-0.1399115961,-0.5836095887
9475,0.7374711474,0.1494372341,-0.4887480403
9476,0.6131572578,-0.3544036636,-0.6231672714
9477,1.125650951,0.1350947811,-0.6605458206
9483,0.6924836025,-0.2962940208,-0.5827504218
9485,1.004574833,0.1885742766,-0.6164137782
9491,0.8070563133,0.0473197277,-0.6817779741
9494,0.628162081,-0.01623228489,-0.6127501777
9496,1.23476264,-0.4782674375,-0.5956555382
9498,1.214010843,0.1538589803,-0.6339785922
9502,1.233982583,-0.2817745667,-0.6589655366
9523,1.121601541,-0.1159787743,-0.710571185
9524,1.086216405,-0.4999094605,-0.579067628
9531,0.914680383,-0.05497469682,-0.7472857071
9534,1.026233838,-0.2963901075,-0.6238828185
9536,0.8283794518,-0.5152557158,-0.5733978162
9538,0.881594718,-0.1450596232,-0.6976997309
9541,1.199506631,-0.2573777648,-0.5985474984
9545,1.356632634,-0.3571393663,-0.921650695
9546,1.058246502,-0.4757211956,-0.5973137115
9550,0.8634506955,0.1848767024,-0.538349593
9551,1.005396264,-0.2067320202,-0.6881707709
9552,0.5241468481,-0.3881875376,-0.3882943492
9554,0.7060419153,-0.4279980602,-0.6016527806
9555,1.110571643,0.1705972002,-0.6071794468
9556,0.9027780286,-0.1417679221,-0.5487181904
9559,0.7394692288,0.07571355337,-0.6276412628
9560,1.08801112,-0.3654342476,-0.6054392363
9563,1.001642554,-0.1523303576,-0.6066879044
9566,1.212516483,-0.04155742984,-0.6044890966
9567,1.00584088,-0.07758504963,-0.8317466569
9572,1.028986252,0.1892443571,-0.6116177823
9579,1.214169655,-0.1793225973,-0.7285799417
9582,1.00000079,-0.3517890443,-0.6671949184
9584,0.6346890069,-0.01822434372,-0.519790572
9586,1.24259793,-0.05546680622,-0.6318095265
9587,0.9394304776,0.07279303841,-0.650188851
9588,1.502434061,-0.3620077829,-0.5942743232
9589,0.8471905372,-0.5318667281,-0.5935249909
9590,1.173258519,-0.116692764,-0.7501777508
9591,0.951151587,0.1636076186,-0.6215521063
9596,0.9115082119,0.2058834622,-0.5801831175
9597,1.065977416,-0.07814818873,-0.6998611778
9603,0.9826330232,-0.0973794246,-0.6553137165
9604,1.234992806,-0.02533268653,-0.6926936893
9608,0.7950950118,0.04961616883,-0.6711215697
9614,0.770085276,0.2012297637,-0.5504187353
9616,0.9884003476,-0.5045332986,-0.5221527941
9621,1.323547573,-0.2110227865,-0.8576680287
9622,1.177814741,-0.04982670701,-0.5806601151
9623,0.8059665014,-0.3094188845,-0.3274380375
9624,0.9680861881,-0.4028342987,-0.7149652794
9625,1.031073072,-0.5083044503,-0.6258061668
9629,0.8719209699,0.07755269531,-0.6308182575
9632,0.6864062823,0.1907992442,-0.5485906414
9633,1.12004822,-0.341510428,-0.7906258714
9634,0.8394830454,0.1252497103,-0.5713447022
9635,0.3788005865,-0.2357368572,-0.4710576393
9646,1.190214233,-0.2019272605,-0.5815941415
9648,1.071164214,0.128891493,-0.6683117259
9649,0.8303345075,0.04526635486,-0.5199650965
9661,0.2095424588,-0.3301155731,-0.4967626404
9662,0.7529642972,-0.5153605964,-0.4848674663
9663,0.9514109213,-0.5050168588,-0.4807032527
9664,0.9480990643,0.1791609335,-0.5917824728
9670,1.404115374,-0.06613949295,-0.6627235921
9685,0.9393907577,-0.04494575818,-0.5898864144
9686,1.122873893,-0.2830363734,-0.5838460634
9687,0.9827250068,-0.3993932445,-0.716933215
9688,1.132953943,-0.08948372564,-0.6495944351
9691,1.132821844,-0.4372834094,-0.6299132369
9692,1.083020853,-0.4374271613,-0.6020452663
9693,1.141988992,-0.09633881541,-0.854049411
9694,1.516341857,-0.1882486134,-0.6696634875
9705,0.6898338435,-0.3454665815,-0.4680755484
9706,1.28178789,-0.4095690792,-0.5773520524
9707,0.3846771458,-0.2865830537,-0.4727956002
9711,1.143223863,0.1759706356,-0.625028728
9713,1.191206858,-0.3226773402,-0.8464164814
9715,1.255998322,0.1146394053,-0.6886914121
9716,0.6233478389,-0.4978191543,-0.2490390878
9717,0.8289915785,0.1739527703,-0.553147804
9718,0.6889469769,0.2066824317,-0.5368610525
9720,1.193973164,-0.1806224593,-0.5097812522
9721,1.225930979,-0.2937184779,-0.36585695
9722,0.7509328009,0.02142002543,-0.5964002231
9723,0.6553523801,-0.09495947157,-0.565634113
9724,0.933620653,0.06219848813,-0.6610693686
9727,0.9216840142,-0.01050853108,-0.5788050346
9730,0.7263970334,0.1809325342,-0.5885721115
9731,1.219916016,-0.3501945752,-0.7582850001
9736,1.170064156,-0.4700580564,-0.6650299747
9745,0.8489089903,0.1735912314,-0.5872071289
9746,0.807425013,-0.4406727979,-0.4860770235
9747,1.020901102,-0.1858288427,-0.5614411436
9749,1.46709555,-0.3112047247,-0.871854691
9750,1.30911532,-0.06154280609,-0.691568331
9751,1.121403233,-0.1223733644,-0.4507178745
9754,0.5490939945,-0.5222919581,-0.5191178433
9757,0.9789358677,0.08115418358,-0.6476290262
9761,0.9961873546,-0.4698826961,-0.5490553929
9762,0.906084034,0.2064406575,-0.541934975
9764,0.8103123917,0.1932154698,-0.5851798709
9766,0.7818996183,0.1926756605,-0.5336408358
9770,1.088762567,0.1743718478,-0.5943726865
9777,0.4089560198,-0.3516725528,-0.4682313192
9778,0.9201657144,0.1765374397,-0.6155707024
9780,1.150416644,-0.3750246386,-0.6653782746
9781,1.230869432,-0.4052753858,-0.7467672373
9782,1.042997627,-0.3503094491,-0.3120349719
9783,0.947894116,0.1554016234,-0.5987197676
9784,0.522269388,-0.281238414,-0.411643449
9785,1.065703813,-0.143499396,-0.7891407587
9791,0.9552890391,0.05180191913,-0.569974888
9797,1.101391595,-0.2467112962,-0.7609643685
9798,0.7511669082,0.1886384234,-0.6084511784
9800,1.145743084,0.1633699173,-0.6132004033
9802,0.7875611169,-0.3552188319,-0.4945841867
9804,0.833938613,-0.1017267012,-0.5838065808
9807,0.861848386,0.1510264735,-0.5883805254
9808,0.6511766039,0.2195612467,-0.4928867378
9809,0.8239206872,0.1873335943,-0.5881754874
9811,1.297022447,-0.2176973303,-0.6545773127
9816,1.125098174,0.1538620981,-0.6104735202
9817,0.7228237323,-0.2623777679,-0.6255234414
9821,1.06860184,-0.4822948052,-0.6393316582
9826,0.8749218693,-0.2342134766,-0.5588773055
9827,1.135522043,-0.1077366901,-0.6981633704
9832,0.9398184355,-0.3531115579,-0.6368326825
9835,0.7583594122,0.2006909619,-0.5709425921
9836,0.8386382863,-0.2188421603,-0.6070618315
9838,1.312791464,-0.238442761,-0.5004795984
9843,0.4128443589,-0.1427176585,-0.5238725411
9845,1.344087925,-0.1323404711,-0.5309905852
9849,0.8472618236,0.1703703174,-0.5939918015
9850,1.108581562,-0.314906018,-0.5158036985
9851,0.7329731989,0.04095576403,-0.5025500791
9854,1.238959465,-0.08505278821,-0.8180824797
9857,0.6829483622,-0.3594347598,-0.3573087957
9858,0.9513549102,0.1902377572,-0.5466862964
9859,0.9668719233,-0.1629643613,-0.6025762438
9860,1.118251792,0.1558127095,-0.6258481989
9862,0.9475541045,0.196595173,-0.5511373711
9864,0.9580777344,-0.117782444,-0.5551617563
9868,0.3647952132,-0.3186393132,-0.4271579311
9869,0.9486770581,0.07295678616,-0.6389969997
9872,0.9069652007,-0.1902570735,-0.5453935612
9873,1.139237654,-0.4638390867,-0.6248895363
9877,0.7981323176,0.1602448593,-0.5718077889
9878,0.8311742188,0.01824189271,-0.5760606601
9880,1.300982058,-0.4147236623,-0.61190272
9882,0.819341596,0.1846294829,-0.5951450408
9887,0.743387892,0.02756763777,-0.6731120374
9891,0.7974180909,0.01446219776,-0.6818201001
9892,1.010601012,0.1694082176,-0.6218424579
9893,0.7808568063,-0.3220780686,-0.6750171052
9894,0.9182621658,-0.5087689461,-0.6038302978
9895,1.452941477,-0.2120944017,-0.6512678244
9896,0.5952584251,-0.378219345,-0.6404939573
9898,0.9373116156,0.1905615326,-0.595866134
9899,1.073676786,0.1884321822,-0.6378874664
9903,0.8255727937,0.1826338523,-0.5637161628
9906,0.5736815262,-0.01873940274,-0.5713237838
9908,0.8789664756,-0.1962782023,-0.5663771019
9910,1.538448743,-0.3166656026,-0.8700429559
9911,0.8802675835,0.07172311507,-0.6647400406
9912,1.057290592,0.1775242069,-0.6082987632
9913,1.06989565,-0.50196266,-0.5875081674
9915,1.164970614,0.01895202766,-0.6759525313
9916,1.068415582,0.01488570774,-0.6333369029
9917,0.5804670512,0.1003697282,-0.3527695784
9920,1.056000309,-0.338746875,-0.7502038915
9922,0.7466149915,-0.2218238952,-0.630011287
9923,0.8109306662,0.08863097502,-0.6200836906
9924,1.383858694,-0.1451701092,-0.5487696907
9926,0.8464527681,0.1756449743,-0.5822258113
9929,1.174229406,0.1424084755,-0.6758221207
9933,0.576563359,-0.0984252391,-0.5523396265
9934,0.5670888618,-0.08245933647,-0.3898302863
9935,0.8508527416,0.1883805236,-0.543445575
9940,1.104491323,-0.457322862,-0.3616933442
9942,0.3952482986,-0.004529721971,-0.5213333561
9943,0.9730326072,-0.1975287257,-0.3500759349
9944,0.9738450655,0.1839486208,-0.6046460842
9947,0.8564626814,0.1665976303,-0.5851530198
9950,1.078131777,-0.4669080558,-0.5722140516
9951,0.9208253332,-0.2000984021,-0.5139983572
9953,1.060113896,0.1433812574,-0.6406730043
9954,0.9993164936,-0.1051792239,-0.515256572
9957,1.102577264,-0.1799964067,-0.6829921696
9959,1.028144852,0.1693314347,-0.5756347466
9962,0.9633479637,-0.05432492158,-0.5715042262
9965,0.5561252656,-0.001027190468,-0.4773941049
9973,1.236149888,-0.3272636123,-0.6926305904
9974,0.7601764626,0.08746065628,-0.6391995036
9977,0.3545764929,0.04084468717,-0.5261932592
9981,0.7301116099,0.1971481994,-0.5679942097
9989,0.9154124169,-0.5087381492,-0.4835448862
9991,1.314008173,-0.2555389953,-0.8111901519
9992,1.286254587,-0.35737576,-0.8168162668
9994,1.284897053,0.1437058225,-0.6360687127
9995,0.6324480322,0.0672376382,-0.4400264787
9996,1.170693605,-0.2283568386,-0.4555485889
9997,1.10357803,0.170990719,-0.6037332261
10001,0.4964988458,0.1132518001,-0.2236265374
10013,0.9309182885,-0.2664136255,-0.8036902243
10017,1.256745987,0.1374361143,-0.6539695308
10019,0.9916475521,-0.4874807194,-0.6076327478
10020,1.187382282,-0.1604022194,-0.4466377238
10025,1.158205501,-0.2207538531,-0.4867660899
10029,0.6042254674,-0.5288461779,-0.4926830681
10030,1.366009745,-0.4124958052,-0.7193244672
10031,0.7856368539,-0.1716185078,-0.5483231263
10032,0.7965566611,-0.07539261989,-0.6490080502
10035,0.9591721982,-0.1545186203,-0.7238425022
10044,0.9313229769,-0.3372049231,-0.6635686001
10046,0.8435492827,0.1300850781,-0.5325951568
10051,1.120018319,-0.4984548732,-0.5459961107
10053,0.7137664244,0.02812775984,-0.5563903242
10055,1.143168081,-0.30691868,-0.7330573714
10061,1.157026784,-0.4726008625,-0.5861512764
10063,0.9046421161,0.1709239158,-0.5767521822
10068,1.028596288,-0.1956433911,-0.4081029877
10069,1.1053037,0.139056439,-0.6513890857
10076,0.8548536496,0.1741195393,-0.5835173312
10078,0.8414884873,-0.5275737451,-0.6383730434
10082,1.071177312,-0.07622563268,-0.5962091953
10083,0.8964619735,0.0960109771,-0.4689481879
10088,0.9505217153,-0.01730722299,-0.5867272367
10098,0.8623989361,0.1730354995,-0.5824560899
10105,0.8602850152,0.1163880397,-0.5609369537
10109,0.9634303484,0.1759720112,-0.5937061714
10110,1.182172075,0.1525700409,-0.6191399339
10111,1.090671646,-0.5229835707,-0.5662630834
10116,0.8580347608,0.1282822815,-0.5241124438
10123,0.4048493875,-0.1447271866,-0.3697363631
10124,0.7806683967,0.1851816872,-0.5655153388
10125,0.8733561416,0.1530055616,-0.5761311743
10126,0.9074713923,0.06254374565,-0.5187054265
10128,1.156113182,0.07669208916,-0.7087888167
10130,1.308299855,0.1372163218,-0.6434998436
10136,0.8361892227,0.1855581876,-0.5704793288
10141,1.199680412,0.1622681351,-0.6467088841
10144,1.293074526,-0.2094479357,-0.9047146063
10152,1.208745986,-0.2106298024,-0.6808371723
10155,1.063309056,-0.1774263975,-0.651314052
10156,1.032191782,-0.487480441,-0.5875095745
10157,1.105280421,-0.4834229357,-0.4998361056
10162,1.153607325,-0.4233005296,-0.6889475793
10164,1.101342932,-0.4527273589,-0.6060303985
10167,1.06756214,0.172068293,-0.6236824778
10169,1.133495213,-0.4409591892,-0.6064801419
10170,0.5586830138,0.03594429034,-0.6037626442
10171,1.256285086,-0.02965505591,-0.5440441373
10177,1.217435017,0.1359807442,-0.679968067
10178,0.9234111944,-0.2028626242,-0.597312146
10183,0.7884905461,0.001636138293,-0.6960927801
10185,0.9865372314,-0.434773388,-0.6555199941
10186,0.889890198,0.09803979479,-0.6540298802
10187,0.8686153555,-0.267059916,-0.6417276586
10188,1.028144705,-0.3595955137,-0.4624167605
10191,0.8541272687,0.117590267,-0.5056216502
10193,0.795964293,0.1727790547,-0.5877396552
10194,0.6472247308,-0.3364424663,-0.620554376
10196,0.8935629062,0.1899893857,-0.5782968346
10201,1.137509827,-0.4360206238,-0.7174779712
10208,1.025171375,-0.3053605931,-0.4875540286
10209,0.9096124558,0.1611406876,-0.5721645831
10212,1.050119961,-0.4929491496,-0.5836245337
10213,1.274640154,-0.2128605317,-0.5472118278
10221,1.513742452,-0.1844068998,-0.4908255447
10225,0.9124904724,-0.2447036873,-0.5031635317
10228,0.4004124938,0.01514806101,-0.5938768206
10234,0.8431025395,-0.1099801826,-0.6388542087
10235,0.6156031615,-0.03231735344,-0.564421236
10241,0.6527976131,-0.03344821496,-0.4500930269
10247,0.886040808,-0.5029129628,-0.6112437593
10248,0.9293049806,0.1622592877,-0.5700551942
10250,0.8889921659,-0.1525257951,-0.5851071787
10251,0.8118444049,-0.2844956873,-0.5345095094
10254,1.149708001,0.1780330777,-0.6188820851
10257,0.9486812935,-0.09144105887,-0.4440678937
10260,0.684842722,-0.1237167662,-0.6749898087
10264,1.170883417,-0.05304316128,-0.569543669
10266,1.054464001,0.04746944425,-0.61391324
10269,1.514898053,-0.2975056921,-0.7094873173
10271,0.8957145695,0.1715130437,-0.5872384202
10275,1.222850075,-0.1906203375,-0.6035893349
10277,0.7205778888,-0.2146227708,-0.4619783429
10278,0.9178230269,-0.498485285,-0.6266108555
10279,0.9431413502,-0.01291049535,-0.5857593816
10284,1.036528388,-0.2476276103,-0.5374548619
10285,1.141808344,-0.0804350094,-0.5448517912
10288,1.489554224,-0.09577049367,-0.6600223696
10290,1.039623324,-0.3018236092,-0.5309793627
10291,1.054743007,-0.233499179,-0.7140296211
10293,0.7369546286,-0.418290775,-0.5510984665
10295,1.072763891,-0.52875932,-0.6525266169
10300,0.8795652854,0.1738758752,-0.5350064649
10303,0.681444869,-0.001217829311,-0.2687419918
10305,1.027978676,-0.07738162967,-0.710924492
10306,1.120858931,0.1824842088,-0.5984260469
10309,0.5188816201,-0.04647450383,-0.5759565646
10310,0.6939987857,-0.1003698587,-0.3470089548
10314,0.5649365978,0.06770553789,-0.5167345196
10315,1.043470197,-0.4097664769,-0.7300618866
10316,1.189738612,-0.1589309163,-0.6858536193
10320,0.5553056644,-0.2565188553,-0.628368363
10321,0.6919644537,-0.2087917071,-0.513183789
10325,1.118386058,0.008692145108,-0.7274279772
10327,1.154320581,-0.4640221124,-0.713183378
10330,1.139759229,-0.4497936241,-0.6182536419
10331,0.8913693673,-0.02113109645,-0.594168546
10335,0.7689130137,-0.06479108817,-0.4420762728
10336,1.052384513,0.02833485243,-0.5611161363
10337,0.7586385747,0.008215883942,-0.6304425361
10341,1.342558479,-0.05438245605,-0.5630632442
10344,0.9977319717,-0.4655084901,-0.5304989987
10346,1.076159525,-0.1145488382,-0.3588901649
10350,1.494947152,-0.311940387,-0.821473796
10353,1.187272953,0.1232352156,-0.6741696378
10357,1.033475406,-0.461715297,-0.578069084
10358,1.002057497,-0.424129923,-0.6214325268
10359,0.8064359283,-0.08173506315,-0.4951418904
10361,1.023569475,-0.1467583199,-0.8173453816
10364,0.96924962,-0.4423459297,-0.4786479243
10366,1.128733751,0.169083928,-0.6137367205
10368,1.192704872,-0.2485719847,-0.661541377
10369,0.8430767933,-0.3924552854,-0.6326545277
10371,1.153403454,-0.4811274324,-0.6555403469
10372,1.107229319,-0.5107357308,-0.6168460215
10376,1.085892747,-0.4938080101,-0.551301142
10377,1.438740142,-0.2075907767,-0.7211087524
10388,0.7273330842,0.1887057529,-0.5694274962
10389,0.9646659447,-0.4777486354,-0.5392197349
10394,1.36452639,-0.05907530499,-0.725257029
10397,1.21775329,-0.343144057,-0.5449661933
10399,0.6662606796,0.02043048743,-0.6917034526
10404,0.8381678371,-0.3447836057,-0.6185468059
10408,1.172326171,-0.07874351594,-0.5074153072
10412,1.002334467,-0.4505587985,-0.5646379594
10413,1.090761726,0.1490700393,-0.6167763252
10414,1.142905946,-0.506852907,-0.6240050053
10416,0.974355507,-0.1026790865,-0.4282737992
10417,0.8214403501,0.1955553274,-0.5727970182
10418,0.9649143131,0.1809250535,-0.5747341928
10420,0.6660821041,0.2012726638,-0.563185651
10421,0.7476973503,-0.1129782343,-0.495184094
10427,0.6561179438,-0.036888998,-0.6199044317
10429,1.133226743,-0.2498686055,-0.4170193365
10430,1.22562787,-0.2309834375,-0.7918424681
10433,1.228278747,-0.1801546225,-0.5184351628
10435,1.123174109,-0.4824245479,-0.5428082938
10436,1.069276275,-0.1838859407,-0.5460283659
10437,1.152251176,-0.463963354,-0.5901747243
10439,0.7891173656,0.08112671023,-0.6417798935
10440,0.8770932603,-0.2145280616,-0.6074773022
10442,0.8757119764,-0.4787833506,-0.5044309967
10443,1.53387911,-0.4120654386,-0.6506117142
10446,0.8647622195,0.1881985182,-0.5979798323
10447,0.9120656391,-0.1186568714,-0.5784909113
10448,0.6893602451,0.1976564126,-0.5273260546
10452,0.8291657099,0.1854616098,-0.5795167689
10458,1.016859235,-0.2678652327,-0.663195788
10461,0.7992269009,0.1832920784,-0.562687207
10464,1.553882896,-0.4395663607,-0.6663875306
10465,1.17414446,-0.1347383045,-0.4913049975
10467,0.8500961819,-0.2511909839,-0.7051367586
10468,0.7266242596,-0.5034688352,-0.3685205568
10475,0.8087274317,0.1627702376,-0.5805656088
10476,0.7796166165,0.190673945,-0.5941275591
10479,1.006714592,-0.05365388992,-0.5159554556
10480,0.7512457864,-0.3575079799,-0.6230559556
10481,0.7791613472,0.1904486034,-0.5576035718
10487,1.023980944,-0.4772364903,-0.5190485855
10495,0.6512368405,-0.4035578623,-0.402612008
10496,0.3794138955,-0.1135780977,-0.5977311069
10498,1.124091414,0.1597177329,-0.6642892535
10502,0.7296308227,0.09722213891,-0.6406760591
10503,0.8591229641,-0.0962367412,-0.4441301578
10505,0.767952965,0.1935920854,-0.5579418104
10508,1.101616754,0.1636408872,-0.6050117983
10509,0.4303034379,-0.1155869169,-0.3418672401
10510,1.19566456,-0.2978008411,-0.9343712497
10511,0.714042459,0.04708762776,-0.4355378157
10513,0.915434988,-0.01102668446,-0.5564127631
10516,1.196315563,-0.04161249514,-0.7138745429
10517,1.046113262,-0.05080012339,-0.5664905862
10520,0.5335673139,-0.1649778238,-0.2419911548
10521,0.8647501546,0.1126005645,-0.5464194371
10522,1.100849749,0.1604191102,-0.6435539272
10526,0.7608509383,0.1735749643,-0.598048611
10528,1.297900152,-0.2728647415,-0.6981901742
10529,1.116823034,-0.4709079757,-0.5678247166
10535,1.113755228,-0.2634667655,-0.6600082173
10536,0.9935920523,0.1506458233,-0.6311338245
10541,0.7697517852,0.03454424674,-0.6894621016
10551,0.7925403171,-0.08774638292,-0.5830016981
10553,1.200261307,-0.1994911924,-0.5709407383
10558,0.8829443778,-0.1626818407,-0.5419307148
10559,1.157014998,-0.2400898506,-0.6337126908
10565,0.7585632137,-0.007576344263,-0.312187852
10578,1.169904519,-0.1006408281,-0.4877299454
10579,0.8724097211,0.1646042479,-0.5762087649
10581,0.9569975693,-0.03291129094,-0.4981148445
10582,0.9855095389,-0.2267761911,-0.869255548
10600,0.8472503173,0.1120678566,-0.5847870512
10601,1.257542416,0.0002194790199,-0.537474187
10602,0.7325783887,0.1879419922,-0.5568696444
10607,1.073936923,0.1509191444,-0.6007467034
10610,1.060970445,-0.1430155161,-0.56845082
10612,0.7832827492,0.0539149466,-0.6765546049
10613,1.006450368,-0.5292434732,-0.552518297
10616,1.292296398,-0.1887746632,-0.5534494146
10620,1.319619781,-0.2363775572,-0.5935127693
10621,1.053694569,-0.1407018723,-0.615756592
10624,1.138463403,0.1493199953,-0.6499218847
10630,1.298579604,-0.1537957683,-0.6371713297
10631,1.188306465,-0.3933937099,-0.7461813785
10633,0.802623839,0.1107322622,-0.563418618
10636,1.089569473,-0.1321124106,-0.537046201
10641,0.4857619708,0.01961982214,-0.4517725283
10642,1.19673068,-0.08644145482,-0.6027779669
10643,0.7711650449,0.1636518542,-0.5902854219
10645,0.5351497757,-0.07459568898,-0.4378225075
10648,1.374379848,-0.3249044704,-0.9192669025
10650,0.4566372058,-0.391699336,-0.5135066576
10655,1.327873491,-0.05295956895,-0.6623162473
10657,0.929366317,0.1840350791,-0.5691986565
10663,1.194795023,0.1511992373,-0.6602025063
10664,0.7309103348,-0.1832053287,-0.5139019302
10666,1.087214051,-0.1837726383,-0.6740373691
10667,0.815338993,0.1777582011,-0.5943353587
10670,1.233372784,0.1433190679,-0.6167998004
10672,0.7221983567,0.1880907666,-0.5153812459
10675,0.6325157906,-0.3123220049,-0.4884555414
10680,1.107225125,0.167477503,-0.6102396279
10682,0.9419928671,-0.313834773,-0.6814204466
10689,1.061810859,-0.4756629813,-0.6074893503
10695,0.8244359925,-0.07307568733,-0.51920941
10698,0.8849026849,-0.1098294828,-0.5424488509
10705,1.114576884,0.1808395502,-0.6259777589
10706,0.4927057467,-0.5308584755,-0.4996289995
10712,0.5725554975,-0.01612378063,-0.5145827953
10713,1.531076626,-0.4888935333,-0.6800933031
10714,0.6982536157,0.09472416368,-0.6409281694
10717,0.7469129122,-0.505036334,-0.5156629174
10720,1.276446889,-0.4306207915,-0.6362111535
10727,1.06788387,-0.4234451992,-0.5792583253
10730,1.331454426,-0.3042655551,-0.5826241015
10732,0.7293090951,0.04477205718,-0.6371768355
10733,0.7505717332,0.1913980047,-0.5738947578
10735,1.010491929,-0.2442287305,-0.7002563542
10736,1.098937184,-0.2723600724,-0.585820851
10739,0.8600710436,0.1750258635,-0.5698453224
10744,0.9389662273,-0.4709128916,-0.5426650306
10746,1.169662855,-0.5024038257,-0.6101037213
10755,0.7992766993,0.1434381144,-0.5501134522
10760,1.071375018,0.1668023178,-0.6152494994
10762,0.8724390283,0.1902869443,-0.5820912219
10766,0.7968779215,0.03573926805,-0.69292933
10769,1.112583004,0.0097149994,-0.704915104
10770,0.9053156114,-0.2767486926,-0.563617147
10777,1.258800302,-0.3887733755,-0.644939159
10782,0.8252976405,-0.3064917571,-0.6724065684
10794,0.9594438245,0.1786924464,-0.5983278908
10795,0.8529225271,-0.5193059796,-0.5022608094
10796,1.047840965,-0.4789485951,-0.5681915242
10801,0.8833636902,-0.01759456245,-0.763296598
10804,1.114745519,0.1174188134,-0.689235354
10807,0.7548896432,0.189625089,-0.5737854055
10808,0.9371458332,-0.103828447,-0.687700879
10811,1.08567518,0.01470443492,-0.6169249751
10813,1.07294817,0.150609092,-0.6328477748
10815,1.017662819,0.01208197075,-0.6017006257
10817,0.8202640466,-0.240758349,-0.6006859365
10818,0.4187974305,-0.06153943664,-0.5018900075
10819,0.8437017326,0.150213845,-0.6557308551
10829,0.5164813554,0.1071817306,-0.4646809056
10830,1.007285916,-0.1563798249,-0.5675079225
10832,0.8458084004,0.08484341624,-0.6377663838
10836,1.242081095,-0.4254815353,-0.7167015631
10838,0.9907677891,-0.4925893969,-0.6190679717
10840,0.8269440579,0.1832898129,-0.5711799109
10845,1.038138777,0.1694075432,-0.6041793427
10849,1.231094379,-0.3954646271,-0.6943607538
10856,0.6446877026,0.1984538644,-0.5423731234
10862,0.8127159453,0.1026549278,-0.6051076595
10863,0.8642302183,-0.2446416472,-0.5933532093
10864,1.337555041,-0.3306311935,-0.702478912
10872,1.023001093,-0.2303333698,-0.6839947604
10876,1.155224481,-0.2646839224,-0.7045706973
10878,1.144034809,-0.4064040766,-0.6626128824
10880,0.7284546518,-0.1325356191,-0.6409642668
10884,0.8797150944,0.1961536412,-0.5484488852
10885,0.5190921224,-0.3814596999,-0.518883968
10888,1.048389825,-0.06744062654,-0.5566718117
10891,0.996595184,-0.2915857442,-0.5579632593
10894,1.178801477,0.1504841326,-0.5937920605
10897,0.7749147513,-0.1272676306,-0.4318442794
10900,0.7986737196,0.1865690564,-0.5700185528
10903,1.370983572,-0.1522140157,-0.6683664995
10904,0.8901012123,-0.3091637547,-0.7101009142
10908,0.730833702,0.01209582112,-0.6504160357
10921,0.7640415946,-0.1997334483,-0.6303520111
10922,1.168397666,-0.3634886777,-0.5516015974
10925,1.340907749,-0.06461154252,-0.7013860007
10927,0.9381345026,-0.005161620386,-0.6116792965
10928,0.8761173193,-0.3772132213,-0.7979280496
10929,0.8581465858,0.2037733195,-0.4956987429
10937,1.230321652,-0.3932564614,-0.6311346568
10938,0.8354408545,0.1732925743,-0.5650828882
10940,1.084183517,-0.4974188753,-0.5046447668
10942,1.152394277,-0.1639057536,-0.6826689953
10943,1.00989706,-0.1520944929,-0.8006215977
10945,0.8387850853,-0.1649883427,-0.453080194
10952,1.060319791,-0.2482344871,-0.7236573898
10965,0.7945721889,0.01438388613,-0.710316483
10970,1.212449998,-0.3637398603,-0.7946680791
10971,0.9115515715,-0.03574168263,-0.5274838645
10977,1.093833935,-0.3792410187,-0.5459518447
10982,1.125975217,0.152479257,-0.640499954
10987,0.9211857852,-0.04024800311,-0.6323498949
10988,0.6856538445,-0.1818012561,-0.5434811059
10990,0.8969175505,0.2028411175,-0.5967102787
10993,1.009051553,-0.2531119448,-0.7962131707
10994,0.8944391057,-0.4248135429,-0.5912539467
10998,1.443322645,-0.09239916248,-0.7068603455
10999,0.8691470414,0.1624696709,-0.5726017932
11006,0.8848248212,-0.3289899758,-0.5372311331
11008,0.8151852899,0.1059728324,-0.5520023374
11009,1.052102374,0.1737237208,-0.606786072
11011,0.9200975637,-0.5291368979,-0.7430315761
11013,0.8719132787,-0.1720889634,-0.6176162544
11015,0.9970194129,-0.3005613903,-0.8351744805
11016,1.027411339,-0.4377084161,-0.6199514162
11017,1.026298794,0.06743116308,-0.6667179968
11020,0.8920652487,0.1924622121,-0.5561377058
11021,1.314172582,-0.1514229693,-0.7956109985
11023,0.6528404133,0.09004598955,-0.6329485262
11024,0.937236395,0.04460608153,-0.680710901
11030,1.005466838,-0.4078525088,-0.5865677955
11031,0.8514024792,0.1799342837,-0.5941422328
11032,0.8819118172,-0.3044980224,-0.37190121
11033,0.951673207,-0.3290527377,-0.550736312
11037,0.9493874426,0.1876892152,-0.574296291
11040,1.173492163,-0.2264915111,-0.8281817525
11042,1.23134423,0.1267354989,-0.6827931653
11043,0.9215797863,0.194392074,-0.5988389549
11044,1.041621564,0.1770629963,-0.5550387816
11045,0.8251000228,-0.5056406103,-0.5077885998
11046,0.7713558806,0.1453106876,-0.49788134
11048,1.188632995,0.1283971462,-0.6870695194
11052,0.9592803922,-0.4769615366,-0.5519501085
11053,1.207585237,0.1611107267,-0.6064907608
11055,1.17373678,-0.4909373722,-0.5826315536
11060,0.9513009163,-0.02963939381,-0.6015076526
11063,1.023603641,-0.4540040051,-0.7056951946
11066,0.7885649522,0.1493560311,-0.6078790192
11067,0.9345975623,-0.01538753206,-0.6178681408
11068,0.8005962301,-0.1556365111,-0.5235698434
11072,1.35250079,-0.4599013164,-0.6626642862
11073,0.8372997265,-0.3315048808,-0.6505431169
11076,1.070215426,-0.4752066938,-0.6253288427
11078,0.9907818894,0.05230668423,-0.5894079417
11079,0.8634520965,0.1919105319,-0.5717172648
11080,1.158891174,0.1340626133,-0.646138534
11082,0.6987011055,0.02715750604,-0.5486365318
11084,1.159699889,-0.1558564876,-0.4607374921
11086,1.074483278,-0.4852028752,-0.5648099887
11088,0.98064907,-0.2989788403,-0.3323959337
11091,0.9066132423,-0.1076999033,-0.9022350894
11092,0.9789029182,0.1832340977,-0.5797728101
11093,1.108811981,-0.1565641329,-0.6709382182
11096,0.6199782709,0.1286815933,-0.3269757715
11099,1.170301264,-0.4623115491,-0.578200636
11102,0.719116326,-0.4501614429,-0.6626461034
11104,1.061475797,-0.07228986742,-0.6459549356
11105,1.044601238,-0.2799029229,-0.5880418917
11106,0.648560815,-0.01761478053,-0.5092701402
11110,0.9114564231,-0.1786611528,-0.8468022351
11112,1.011154515,-0.2552358021,-0.6483180809
11115,0.9926771501,0.1474243469,-0.6191519216
11119,1.016526849,0.1768720224,-0.5934022383
11120,1.195620271,-0.2931052023,-0.804495466
11121,0.579569437,-0.2145895355,-0.4904205126
11122,0.7125367385,0.1065111374,-0.5372119229
11124,0.7413780411,0.1776586815,-0.618654724
11125,1.044366827,0.05820560178,-0.6163751459
11126,1.097588922,-0.5130413276,-0.5814361193
11130,1.003886912,-0.5136881077,-0.5340521771
11132,0.9342500327,-0.2654804294,-0.7284138625
11133,0.8742158641,0.1707668211,-0.5978438563
11134,0.9886060334,0.04916173669,-0.6378911094
11135,0.4974783543,0.01136536481,-0.3434052672
11136,0.5975348973,-0.2108089158,-0.6530129436
11137,0.5980396263,0.1871995894,-0.5648263702
11140,0.8450863491,-0.1549854779,-0.5091500909
11141,0.8713001125,-0.04589422045,-0.759354093
11143,0.9259639645,-0.09171803739,-0.4120627854
11147,0.9343984601,-0.02076492287,-0.5542895683
11149,0.9359107421,-0.5331811986,-0.633343739
11151,0.7907832382,0.1829433688,-0.573688638
11153,0.7589409447,0.01634755627,-0.6855923213
11154,0.7206242911,0.1807626927,-0.6035979529
11157,1.347738099,-0.4192821544,-0.6622017856
11160,0.5072721824,-0.07155446971,-0.324029924
11162,1.465179997,-0.2446244682,-0.7212099267
11164,0.8544806362,-0.3933626468,-0.5396006606
11165,0.8381759218,0.1857006895,-0.5675123772
11167,1.33633817,-0.2459831821,-0.9991918491
11169,1.10473527,-0.4568350238,-0.6455734802
11170,1.162296231,0.1718622373,-0.5730458701
11171,0.4314771066,-0.06219190041,-0.2843984138
11172,0.8800863837,-0.1521438626,-0.7221677373
11174,0.9634570556,-0.1396711218,-0.3799957986
11175,1.282426931,-0.375487149,-0.7029229434
11176,1.088848462,-0.2954918492,-0.7007205949
11178,1.06600605,-0.2589403433,-0.4172154677
11179,1.37227436,-0.393703273,-0.6494584823
11180,0.4317367604,-0.08095199113,-0.5981448855
11182,0.9183168057,0.1808698706,-0.5858346069
11183,0.4676956802,0.02023477413,-0.07835652922
11192,1.119728165,-0.3406614878,-0.4684085099
11193,0.4862202871,0.09892415647,-0.3740845468
11195,1.568809139,-0.4208728222,-0.6944512949
11196,0.8104585835,0.1765469612,-0.5735912274
11197,0.7513229188,-0.2582720866,-0.6730152646
11198,1.225596975,-0.3757453814,-0.7305354771
11199,1.121640617,0.1614094945,-0.6286446862
11200,1.158618274,0.1504214964,-0.6617351358
11201,1.191931155,0.150109171,-0.6218744081
11202,1.129112719,0.1574286437,-0.6290259045
11203,0.4771884459,-0.3619701341,-0.490143759
11204,1.001272896,-0.03927422728,-0.4181609262
11205,1.316908588,-0.1517634654,-0.6435209841
11206,1.225176004,-0.13328518,-0.7003217383
11207,1.094402727,-0.1783641352,-0.7863600516
11208,1.081616308,-0.1931435558,-0.4315517267
11209,0.7609742039,0.1211840021,-0.5479418877
11213,0.7774171941,-0.1429176788,-0.513150729
11214,1.242277292,-0.2752399725,-0.6137722079
11215,1.075937687,-0.2328927948,-0.6402093966
11216,0.8242459183,-0.07577191196,-0.3759676388
11220,1.139760261,-0.4364884836,-0.6218607469
11221,1.124880756,-0.5008223848,-0.5873862899
11222,1.221936899,0.1382690423,-0.5996169588
11229,1.091141933,-0.4983645538,-0.6200917067
11230,1.151273175,0.1602477907,-0.5937823085
11233,0.9943128634,0.05136923095,-0.514398677
11237,0.9985597293,-0.2966994359,-0.580783646
11238,0.7787858169,-0.1870935855,-0.4665089181
11239,0.694609282,-0.5329020572,-0.5649390444
11243,1.240108729,-0.3655118936,-0.4430112842
11246,0.7501834155,0.0357040426,-0.5711697574
11247,0.7863480896,-0.002891302189,-0.7221424103
11250,0.4869784304,0.03404227866,-0.3793306762
11251,0.1504861416,-0.04273057368,-0.4774603665
11252,0.9598365349,-0.4222874446,-0.6299906652
11254,1.244156271,-0.356247407,-0.711183224
11257,0.9521988489,0.08117954741,-0.6394211107
11258,0.9959774568,0.04360080847,-0.5814698403
11259,0.9771359374,-0.1187551816,-0.6931992165
11260,1.342049864,-0.3370884388,-0.7951387169
11261,1.157864022,-0.09317525276,-0.6295754567
11263,0.8547479732,-0.403931046,-0.5626686899
11264,0.5623346106,-0.00340554992,-0.4793779735
11265,0.6931483874,-0.320523829,-0.5130084249
11266,0.9425592793,0.1736819998,-0.5508214823
11267,0.7873237488,-0.2304517725,-0.5889022804
11268,1.329082468,-0.2328839283,-0.6408502185
11270,1.279546296,-0.1949447016,-0.703675557
11272,1.458094729,-0.3621564785,-0.6634008001
11276,1.271948532,0.134245571,-0.6871272556
11277,1.070457651,-0.4717414151,-0.5824346017
11278,1.037649114,0.1654108309,-0.6202918853
11279,1.189290396,-0.2811992481,-0.6668242618
11281,0.722405178,-0.3852595398,-0.529680187
11282,1.070569809,-0.2115831614,-0.6289721524
11283,1.452291036,-0.1851691813,-0.6398108364
11287,0.7824735963,0.1796980564,-0.5642369827
11288,0.4923662192,-0.1854939103,-0.3072771774
11289,0.8161940706,0.01877935946,-0.5489032518
11292,0.8309541677,0.09661467261,-0.6343030512
11300,1.008034266,-0.3037050149,-0.5798748923
11304,0.9961166156,-0.0824935693,-0.5943634222
11306,0.9905060278,-0.5051650839,-0.5152566768
11307,0.9512247743,0.1809962951,-0.5923696824
11308,1.278851805,-0.3123400459,-0.6663380418
11313,0.9750074281,-0.5145267861,-0.5213986003
11317,0.9544901199,-0.228858469,-0.5841641668
11318,0.8436116905,-0.1744131674,-0.6100088413
11319,1.403749091,-0.2548721692,-0.6074370056
11321,1.271916519,-0.3296286318,-0.6336244109
11324,1.240112025,-0.009858162944,-0.5143104552
11325,1.197062663,0.1465097163,-0.6171761277
11329,0.5119309387,-0.009162061172,-0.2440274159
11331,1.006239026,0.03705723022,-0.6248258807
11332,0.6825891076,-0.4156309702,-0.5959376092
11336,0.9924188453,0.07388753872,-0.6138315978
11340,1.225175669,-0.325344819,-0.4623697534
11343,0.5660051151,-0.3117405174,-0.6141466196
11344,1.346392955,-0.1824543624,-0.8451739881
11346,1.376331054,-0.3315365917,-0.7711462869
11348,1.135832554,-0.3540360524,-0.5122167434
11351,0.9715938055,-0.3115141569,-0.4403221995
11354,1.123272733,-0.01787233674,-0.5508601491
11356,0.9558993113,-0.1713413017,-0.5690628162
11362,0.952857967,0.0120659587,-0.7476106146
11365,0.5227805883,-0.1098131842,-0.4397602054
11366,1.359786446,-0.1283662192,-0.2572921758
11369,0.9553870537,-0.3037315794,-0.4741268463
11370,0.7371627823,0.08616711194,-0.4963610088
11372,0.9032870881,-0.03813046481,-0.6290792055
11374,0.9457172645,-0.0216166567,-0.5337379701
11381,1.08530712,-0.1797539505,-0.6271858888
11382,0.5457784538,0.1071169768,-0.4920906056
11383,0.9812187491,0.07684955467,-0.6603857595
11384,1.635281011,-0.3469998417,-0.7533538648
11388,0.9239112666,0.07929595019,-0.4429221045
11392,0.9393579628,-0.2420852608,-0.5726318734
11393,0.4804988794,-0.5275880094,-0.4505237338
11394,1.080278964,6.621118103e-05,-0.5611285414
11396,1.009436403,-0.4407792364,-0.6268227502
11398,1.133024242,-0.4736669528,-0.6090229924
11399,1.484000115,-0.4411337193,-0.6354372834
11403,0.8933813307,0.1733312286,-0.6179331519
11408,1.129257365,-0.2162238879,-0.9660940407
11410,1.301406828,-0.4236415931,-0.7034310681
11411,0.8391827439,-0.4330651254,-0.4704726127
11412,0.7615066125,-0.1282463442,-0.420947537
11414,1.082546394,-0.4497320502,-0.6366113199
11416,0.8161985876,0.03196115904,-0.5302784972
11417,1.184557354,-0.2141366207,-0.6020225789
11419,0.5525471672,-0.1034905018,-0.6776906704
11420,1.28095486,-0.122033153,-0.6308523204
11423,0.7894446155,-0.1271479998,-0.05546107804
11428,0.9357780437,-0.2445003486,-0.5587311515
11429,1.069075012,-0.1916855076,-0.6625788015
11430,1.050155876,-0.3680787883,-0.7787277788
11431,1.132977032,0.1445980656,-0.6415704237
11433,1.106876185,-0.2581008662,-0.6133336858
11439,1.262576844,-0.03990997033,-0.7060436873
11441,0.4659620693,0.1133690511,-0.4927826111
11442,1.301862784,-0.2257425313,-0.7923854265
11443,0.8001060641,-0.5119471816,-0.6046356439
11444,1.35110622,-0.3608519524,-0.6291387064
11449,0.8470953267,0.00763361966,-0.5976791707
11450,1.154278398,0.1261247978,-0.6602237155
11457,0.8610413351,0.1712309693,-0.5534603491
11459,0.6119974931,-0.1600834733,-0.8139633643
11463,0.9517209971,-0.1971920166,-0.5703653564
11466,1.167237131,-0.32555147,-0.7504796521
11468,1.016470171,0.178795008,-0.5867256213
11470,1.221427641,-0.2399496183,-0.6652263016
11472,1.161870845,-0.4828849203,-0.5109290597
11473,0.8792531193,-0.5028639339,-0.4683320875
11474,1.204000463,-0.345734299,-0.872081141
11475,1.042274992,-0.07561057953,-0.6494387616
11477,1.10967732,-0.2969565363,-0.5904321862
11480,1.279953784,-0.2568516249,-0.7987825844
11481,1.35759486,-0.3102343589,-0.5873499599
11482,1.085438541,0.166955915,-0.6017262857
11483,1.066883754,-0.1570573603,-0.5382435245
11484,1.344554768,-0.06858461059,-0.5561431011
11486,1.083855918,0.08471851032,-0.7232055771
11487,1.095921607,-0.4083996365,-0.5632734637
11488,1.437320037,-0.4528466428,-0.8208263694
11489,0.6563992556,0.07976689805,-0.6103266313
11490,1.367249315,-0.3265352998,-0.7784912628
11495,0.5170728559,-0.003553760144,-0.3751075711
11496,1.37286796,-0.1545604926,-0.6552977874
11497,1.160970111,-0.04644117642,-0.7046895936
11498,1.414190886,-0.3688397202,-0.7772846765
11499,1.213284466,-0.4936441924,-0.5712149306
11500,1.009795246,-0.1207269835,-0.5511639701
11506,0.8249513799,-0.1065721399,-0.661798883
11510,1.022833819,-0.5267196092,-0.606794833
11511,1.149329784,-0.321538595,-0.4849740586
11513,1.006456347,-0.2220470442,-0.9126317762
11514,1.185301045,0.1308374793,-0.6936891845
11521,1.258215928,-0.3517894453,-0.5980119455
11524,0.7255669285,0.1864500529,-0.5653867621
11525,0.5386003188,-0.5289001597,-0.4938883273
11526,0.9906656457,0.1721487945,-0.6199521542
11528,0.7654529236,-0.3796523574,-0.5704958024
11530,1.046467562,-0.5117349274,-0.5883159288
11533,0.989977724,-0.1481225321,-0.977380308
11534,0.943889414,0.02959237477,-0.56141044
11536,0.823022471,0.183677018,-0.5320673606
11539,1.212240429,-0.3497505452,-0.7506722161
11541,0.8517484649,0.08814491457,-0.5008646938
11544,1.141484209,-0.2498139357,-0.608562265
11546,1.323919578,-0.1608281259,-0.7405942903
11550,0.8666973057,-0.3412766405,-0.488406383
11554,0.7130732008,0.1844701254,-0.5482044421
11555,1.042412374,-0.3043151371,-0.3263941934
11556,0.8703421813,-0.06116024795,-0.3570889632
11560,0.7318965725,0.192204482,-0.6038952007
11561,1.017161975,-0.4911900332,-0.5714833895
11563,1.097642766,-0.01442458388,-0.7718211381
11566,1.119849247,-0.2829306148,-0.6137763001
11571,1.241013903,0.1120185403,-0.6701138433
11574,1.181479852,0.1648254607,-0.6104034381
11575,1.121697228,0.1491350831,-0.6861275569
11577,1.22507907,0.1412281974,-0.6754024473
11580,1.117318732,-0.4584056124,-0.5706105388
11581,0.6720098105,-0.5345065364,-0.5057690449
11582,0.5989533334,-0.0548307433,-0.4280858995
11584,0.9429369423,-0.1987405894,-0.6495366558
11586,0.906962767,-0.2575700563,-0.5575398884
11587,0.8136372779,0.1948227529,-0.5758361368
11589,1.261717598,-0.290046976,-0.7796713928
11590,0.9352723847,-0.2004498781,-0.6451476862
11591,0.9668690129,-0.01564632208,-0.5354381324
11593,1.422599469,-0.4176797818,-0.5598101641
11594,0.9798152567,-0.3912710231,-0.551232826
11595,0.8524615194,-0.177578557,-0.6529844588
11596,0.8608925552,0.170122007,-0.5654625413
11604,1.199872715,0.1474669942,-0.594870249
11605,1.022756694,0.01480509684,-0.6454541975
11607,0.7561027746,0.03946252186,-0.5287489963
11609,1.192071321,-0.01453806423,-0.6049491136
11611,1.207745488,-0.155436237,-0.5486470038
11612,1.097817402,-0.4877138231,-0.5124528281
11617,1.31352382,-0.2511466325,-0.7801144317
11618,0.8580395545,0.09322771348,-0.6054170685
11619,1.442386132,-0.221472474,-0.7455429925
11622,1.200339946,-0.3756394549,-0.7074998622
11625,1.203727825,0.1554462186,-0.6038037503
11630,1.018266599,-0.03634753697,-0.6191680059
11631,0.7379589507,-0.2751043848,-0.7029784665
11633,0.5736879057,-0.2137154374,-0.3565115341
11637,1.27649215,-0.2873066869,-0.7705026914
11638,0.7859875852,-0.3246706786,-0.4385838415
11642,1.043984074,0.04081990804,-0.6774599594
11644,0.5735457111,0.02054252392,-0.6115038875
11649,0.6005472807,0.08470204433,-0.4796096435
11650,0.5150591284,0.07833169401,-0.5147750279
11652,0.784239651,-0.08327047403,-0.5191041726
11657,0.5882365751,-0.1189660438,-0.6781475009
11658,0.4377262737,0.02872676027,-0.359289698
11662,1.088252168,-0.3312145327,-0.6493743302
11665,1.446597903,-0.3662679472,-0.6830019552
11668,1.040919907,-0.1892920413,-0.488509836
11671,1.146831232,-0.4714398072,-0.6100330673
11672,0.97305414,-0.1296051307,-0.7226776826
11676,0.9152116765,-0.0005833484957,-0.5853457163
11679,0.4675736052,0.00848581598,-0.5991842607
11681,0.8871521737,0.03765428574,-0.6164262566
11684,1.418228939,-0.2268549751,-0.8861759304
11685,0.8492670677,-0.0007865297689,-0.4612149773
11688,0.7256369575,-0.5432269204,-0.5087932607
11691,1.056224027,-0.3885457167,-0.7387566703
11697,0.7470629283,0.1703723368,-0.5786069326
11699,1.046137982,-0.4885911325,-0.5714869077
11702,1.189166029,-0.04253291952,-0.5901142005
11704,0.8065855344,0.1902914768,-0.553347421
11705,0.5927296783,0.07397045196,-0.5806777155
11707,1.109899514,0.1760507797,-0.5967972162
11708,0.8681222217,0.01245061732,-0.6990470577
11709,0.8902089383,0.1920389192,-0.5697610463
11711,1.014849092,-0.5143719074,-0.5330863425
11712,1.073001422,-0.1198555072,-0.5621947275
11716,0.8786719735,-0.1288348477,-0.5389718199
11717,0.967049457,-0.4837689836,-0.5438720608
11721,0.9899112779,0.1882779378,-0.6054205597
11727,1.527240171,-0.2163905611,-0.8033742258
11728,0.8472495112,0.1768885147,-0.6150745064
11729,0.8846676305,0.001935109317,-0.7136229645
11734,1.446771552,-0.3204014144,-0.6541138859
11738,1.142643056,-0.4763345619,-0.6367599332
11739,1.033914789,0.1354201948,-0.6209529601
11745,1.04569968,-0.455103862,-0.5869270135
11746,0.534519004,-0.3212580958,-0.3287477452
11751,1.292484212,-0.2490948729,-0.5646568379
11752,0.7658992232,-0.00337567573,-0.6855466731
11756,1.556005135,-0.2684884393,-0.648668643
